"avg","rating"
"3.0518556701030928","PG"
"2.9387179487179487","R"
"2.9709523809523810","NC-17"
"3.0348430493273543","PG-13"
"2.8888764044943820","G"
